Style musical;Radio
Pop;Radio 5
Musique classique;Radio 1
Hip-Hop & RnB;Radio 3
Hip-Hop & RnB;Radio 6
Rock;Radio 3
Variété;Radio 5
Pop;Radio 3
Electro;Radio 5
Hip-Hop & RnB;Radio 6
Jazz;Radio 2
Hip-Hop & RnB;Radio 1
Variété;Radio 2
Pop;Radio 6
Electro;Radio 5
Jazz;Radio 2
Jazz;Radio 3
Electro;Radio 4
Electro;Radio 4
Indie;Radio 1
Pop;Radio 4
Electro;Radio 6
Indie;Radio 6
Hip-Hop & RnB;Radio 3
Pop;Radio 3
Rock;Radio 2
Jazz;Radio 1
Hip-Hop & RnB;Radio 2
Indie;Radio 5
Variété;Radio 2
Electro;Radio 4
Hip-Hop & RnB;Radio 3
Rock;Radio 2
Variété;Radio 5
Pop;Radio 6
Variété;Radio 2
Musique classique;Radio 3
Pop;Radio 6
Hip-Hop & RnB;Radio 1
Variété;Radio 2
Pop;Radio 3
Pop;Radio 5
Pop;Radio 5
Hip-Hop & RnB;Radio 5
Jazz;Radio 5
Electro;Radio 1
Electro;Radio 6
Pop;Radio 5
Pop;Radio 5
Electro;Radio 1
Jazz;Radio 3
Hip-Hop & RnB;Radio 5
Musique classique;Radio 1
Indie;Radio 2
Rock;Radio 4
Hip-Hop & RnB;Radio 6
Indie;Radio 3
Electro;Radio 3
Jazz;Radio 3
Variété;Radio 2
Indie;Radio 5
Hip-Hop & RnB;Radio 6
Hip-Hop & RnB;Radio 6
Pop;Radio 2
Pop;Radio 6
Electro;Radio 4
Rock;Radio 3
Variété;Radio 5
Jazz;Radio 3
Hip-Hop & RnB;Radio 4
Pop;Radio 6
Jazz;Radio 1
Indie;Radio 5
Indie;Radio 2
Variété;Radio 3
Jazz;Radio 2
Pop;Radio 3
Musique classique;Radio 2
Pop;Radio 5
Variété;Radio 6
Electro;Radio 2
Pop;Radio 2
Pop;Radio 6
Musique classique;Radio 1
Jazz;Radio 1
Rock;Radio 3
Jazz;Radio 5
Electro;Radio 3
Pop;Radio 5
Jazz;Radio 1
Electro;Radio 5
Variété;Radio 2
Variété;Radio 2
Hip-Hop & RnB;Radio 5
Variété;Radio 3
Pop;Radio 2
Rock;Radio 5
Pop;Radio 6
Hip-Hop & RnB;Radio 4
Hip-Hop & RnB;Radio 2
Rock;Radio 6
Indie;Radio 2
Pop;Radio 5
Hip-Hop & RnB;Radio 6
Electro;Radio 1
Variété;Radio 2
Pop;Radio 3
Rock;Radio 5
Jazz;Radio 1
Pop;Radio 6
Variété;Radio 2
Electro;Radio 4
Hip-Hop & RnB;Radio 3
Variété;Radio 3
Rock;Radio 6
Hip-Hop & RnB;Radio 4
Electro;Radio 4
Musique classique;Radio 1
Variété;Radio 2
Electro;Radio 3
Pop;Radio 3
Indie;Radio 4
Electro;Radio 2
Indie;Radio 4
Jazz;Radio 4
Hip-Hop & RnB;Radio 5
Electro;Radio 4
Pop;Radio 5
Electro;Radio 6
Rock;Radio 6
Pop;Radio 6
Hip-Hop & RnB;Radio 3
Variété;Radio 2
Variété;Radio 3
Hip-Hop & RnB;Radio 6
Jazz;Radio 3
Variété;Radio 2
Electro;Radio 3
Indie;Radio 1
Jazz;Radio 5
Pop;Radio 5
Hip-Hop & RnB;Radio 4
Pop;Radio 2
Rock;Radio 1
Electro;Radio 3
Rock;Radio 1
Variété;Radio 5
Variété;Radio 1
Pop;Radio 2
Electro;Radio 1
Hip-Hop & RnB;Radio 6
Variété;Radio 4
Rock;Radio 5
Musique classique;Radio 5
Pop;Radio 2
Jazz;Radio 1
Hip-Hop & RnB;Radio 6
Electro;Radio 2
Variété;Radio 3
Variété;Radio 3
Jazz;Radio 4
Electro;Radio 4
Jazz;Radio 1
Variété;Radio 3
Rock;Radio 5
Pop;Radio 3
Variété;Radio 3
Pop;Radio 5
Hip-Hop & RnB;Radio 6
Variété;Radio 3
Pop;Radio 5
Rock;Radio 2
Hip-Hop & RnB;Radio 3
Rock;Radio 6
Electro;Radio 5
Pop;Radio 4
Hip-Hop & RnB;Radio 3
Rock;Radio 2
Electro;Radio 3
Jazz;Radio 3
Indie;Radio 2
Hip-Hop & RnB;Radio 6
Variété;Radio 4
Rock;Radio 1
Electro;Radio 3
Variété;Radio 6
Rock;Radio 5
Rock;Radio 6
Indie;Radio 5
Variété;Radio 3
Variété;Radio 4
Pop;Radio 3
Pop;Radio 6
Jazz;Radio 1
Rock;Radio 2
Jazz;Radio 5
Variété;Radio 4
Hip-Hop & RnB;Radio 2
Pop;Radio 6
Electro;Radio 5
Hip-Hop & RnB;Radio 2
Rock;Radio 2
Hip-Hop & RnB;Radio 3
Pop;Radio 2
Variété;Radio 5
Rock;Radio 2
Hip-Hop & RnB;Radio 5
Pop;Radio 5
Rock;Radio 1
Pop;Radio 3
Variété;Radio 4
Variété;Radio 6
Jazz;Radio 3
Hip-Hop & RnB;Radio 5
Musique classique;Radio 4
Electro;Radio 2
Variété;Radio 4
Variété;Radio 2
Pop;Radio 6
Electro;Radio 4
Hip-Hop & RnB;Radio 3
Rock;Radio 5
Electro;Radio 3
Variété;Radio 1
Rock;Radio 5
Rock;Radio 3
Hip-Hop & RnB;Radio 6
Rock;Radio 2
Hip-Hop & RnB;Radio 3
Rock;Radio 5
Pop;Radio 3
Variété;Radio 5
Hip-Hop & RnB;Radio 6
Pop;Radio 6
Electro;Radio 5
Rock;Radio 5
Jazz;Radio 5
Pop;Radio 6
Rock;Radio 6
Rock;Radio 2
Variété;Radio 5
Variété;Radio 2
Rock;Radio 3
Variété;Radio 2
Variété;Radio 6
Rock;Radio 5
Rock;Radio 5
Pop;Radio 6
Pop;Radio 5
Musique classique;Radio 2
Hip-Hop & RnB;Radio 6
Musique classique;Radio 3
Rock;Radio 2
Indie;Radio 6
Hip-Hop & RnB;Radio 5
Rock;Radio 2
Electro;Radio 6
Musique classique;Radio 5
Indie;Radio 4
Electro;Radio 4
Indie;Radio 3
Indie;Radio 4
Variété;Radio 4
Musique classique;Radio 3
Rock;Radio 3
Musique classique;Radio 4
Electro;Radio 4
Pop;Radio 4
Electro;Radio 4
Rock;Radio 3
Jazz;Radio 6
Rock;Radio 2
Variété;Radio 2
Electro;Radio 6
Rock;Radio 3
Indie;Radio 5
Variété;Radio 2
Rock;Radio 2
Hip-Hop & RnB;Radio 3
Electro;Radio 6
Pop;Radio 5
Hip-Hop & RnB;Radio 6
Pop;Radio 4
Pop;Radio 6
Musique classique;Radio 2
Pop;Radio 4
Rock;Radio 3
Hip-Hop & RnB;Radio 4
Rock;Radio 5
Musique classique;Radio 2
Pop;Radio 4
Hip-Hop & RnB;Radio 5
Pop;Radio 6
Hip-Hop & RnB;Radio 3
Hip-Hop & RnB;Radio 4
Hip-Hop & RnB;Radio 3
Pop;Radio 5
Variété;Radio 6
Pop;Radio 6
Pop;Radio 2
Rock;Radio 5
Hip-Hop & RnB;Radio 5
Hip-Hop & RnB;Radio 4
Rock;Radio 1
Jazz;Radio 2
Indie;Radio 3
Pop;Radio 6
Variété;Radio 1
Variété;Radio 2
Hip-Hop & RnB;Radio 6
Hip-Hop & RnB;Radio 6
Pop;Radio 6
Indie;Radio 3
Electro;Radio 3
Rock;Radio 2
Electro;Radio 3
Pop;Radio 2
Variété;Radio 6
Electro;Radio 1
Electro;Radio 6
Rock;Radio 6
Jazz;Radio 3
Rock;Radio 4
Pop;Radio 6
Hip-Hop & RnB;Radio 6
Hip-Hop & RnB;Radio 3
Electro;Radio 5
Pop;Radio 2
Jazz;Radio 6
Variété;Radio 5
Rock;Radio 4
Electro;Radio 5
Electro;Radio 4
Rock;Radio 2
Jazz;Radio 1
Hip-Hop & RnB;Radio 6
Pop;Radio 6
Variété;Radio 4
Pop;Radio 5
Jazz;Radio 5
Rock;Radio 1
Musique classique;Radio 1
Hip-Hop & RnB;Radio 6
Hip-Hop & RnB;Radio 4
Pop;Radio 2
Hip-Hop & RnB;Radio 3
Hip-Hop & RnB;Radio 3
Jazz;Radio 5
Hip-Hop & RnB;Radio 3
Musique classique;Radio 2
Musique classique;Radio 1
Rock;Radio 3
Electro;Radio 4
Hip-Hop & RnB;Radio 6
Variété;Radio 2
Musique classique;Radio 1
Hip-Hop & RnB;Radio 6
Variété;Radio 2
Hip-Hop & RnB;Radio 5
Pop;Radio 2
Electro;Radio 6
Pop;Radio 5
Pop;Radio 6
Rock;Radio 2
Jazz;Radio 1
Rock;Radio 6
Electro;Radio 1
Hip-Hop & RnB;Radio 6
Pop;Radio 5
Rock;Radio 5
Electro;Radio 3
Pop;Radio 6
Variété;Radio 3
Musique classique;Radio 1
Pop;Radio 2
Rock;Radio 2
Hip-Hop & RnB;Radio 5
Rock;Radio 6
Jazz;Radio 3
Pop;Radio 5
Rock;Radio 6
Jazz;Radio 6
Pop;Radio 6
Jazz;Radio 2
Electro;Radio 1
Hip-Hop & RnB;Radio 4
Rock;Radio 3
Rock;Radio 2
Musique classique;Radio 1
Rock;Radio 5
Hip-Hop & RnB;Radio 6
Variété;Radio 6
Variété;Radio 6
Variété;Radio 3
Hip-Hop & RnB;Radio 5
Jazz;Radio 3
Electro;Radio 3
Rock;Radio 1
Musique classique;Radio 3
Pop;Radio 2
Electro;Radio 3
Jazz;Radio 3
Jazz;Radio 2
Indie;Radio 2
Pop;Radio 4
Hip-Hop & RnB;Radio 6
Variété;Radio 6
Pop;Radio 3
Electro;Radio 3
Indie;Radio 5
Pop;Radio 5
Hip-Hop & RnB;Radio 5
Electro;Radio 5
Jazz;Radio 4
Electro;Radio 6
Jazz;Radio 1
Electro;Radio 1
Variété;Radio 2
Pop;Radio 4
Rock;Radio 6
Electro;Radio 6
Rock;Radio 3
Electro;Radio 6
Hip-Hop & RnB;Radio 6
Rock;Radio 3
Musique classique;Radio 1
Rock;Radio 3
Rock;Radio 3
Hip-Hop & RnB;Radio 5
Pop;Radio 5
Musique classique;Radio 1
Variété;Radio 3
Electro;Radio 5
Jazz;Radio 1
Hip-Hop & RnB;Radio 6
Pop;Radio 6
Musique classique;Radio 4
Pop;Radio 6
Rock;Radio 3
Pop;Radio 6
Rock;Radio 2
Electro;Radio 3
Electro;Radio 4
Pop;Radio 5
Musique classique;Radio 2
Jazz;Radio 6
Electro;Radio 3
Hip-Hop & RnB;Radio 6
Rock;Radio 3
Jazz;Radio 6
Hip-Hop & RnB;Radio 6
Indie;Radio 3
Rock;Radio 3
Variété;Radio 3
Pop;Radio 3
Rock;Radio 5
Hip-Hop & RnB;Radio 5
Jazz;Radio 5
Variété;Radio 2
Variété;Radio 4
Variété;Radio 2
Electro;Radio 4
Variété;Radio 2
Electro;Radio 6
Pop;Radio 6
Pop;Radio 2
Pop;Radio 6
Electro;Radio 4
Rock;Radio 5
Electro;Radio 4
Jazz;Radio 6
Variété;Radio 5
Hip-Hop & RnB;Radio 2
Musique classique;Radio 2
Jazz;Radio 5
Hip-Hop & RnB;Radio 3
Variété;Radio 5
Variété;Radio 6
Variété;Radio 6
Hip-Hop & RnB;Radio 5
Indie;Radio 5
Pop;Radio 6
Variété;Radio 5
Jazz;Radio 4
Jazz;Radio 4
Pop;Radio 6
Pop;Radio 2
Variété;Radio 6
Variété;Radio 6
Pop;Radio 6
Rock;Radio 2
Jazz;Radio 2
Pop;Radio 5
Variété;Radio 3
Electro;Radio 5
Pop;Radio 5
Indie;Radio 5
Jazz;Radio 1
Musique classique;Radio 1
Rock;Radio 1
Electro;Radio 3
Pop;Radio 2
Electro;Radio 3
Electro;Radio 6
Pop;Radio 6
Electro;Radio 6
Electro;Radio 6
Musique classique;Radio 2
Variété;Radio 2
Indie;Radio 6
Hip-Hop & RnB;Radio 3
Pop;Radio 6
Electro;Radio 5
Hip-Hop & RnB;Radio 6
Electro;Radio 5
Variété;Radio 4
Hip-Hop & RnB;Radio 4
Hip-Hop & RnB;Radio 6
Hip-Hop & RnB;Radio 5
Pop;Radio 6
Rock;Radio 6
Electro;Radio 3
Jazz;Radio 3
Hip-Hop & RnB;Radio 6
Indie;Radio 2
Jazz;Radio 4
Rock;Radio 6
Musique classique;Radio 2
Electro;Radio 3
Pop;Radio 2
Electro;Radio 4
Electro;Radio 5
Hip-Hop & RnB;Radio 6
Hip-Hop & RnB;Radio 5
Variété;Radio 3
Variété;Radio 2
Variété;Radio 2
Rock;Radio 2
Hip-Hop & RnB;Radio 5
Pop;Radio 4
Variété;Radio 3
Hip-Hop & RnB;Radio 6
Rock;Radio 6
Rock;Radio 5
Hip-Hop & RnB;Radio 5
Electro;Radio 3
Electro;Radio 2
Indie;Radio 3
Rock;Radio 5
Hip-Hop & RnB;Radio 5
Hip-Hop & RnB;Radio 4
Hip-Hop & RnB;Radio 3
Rock;Radio 3
Pop;Radio 5
Rock;Radio 6
Musique classique;Radio 2
Pop;Radio 3
Variété;Radio 5
Indie;Radio 5
Rock;Radio 2
Musique classique;Radio 1
Rock;Radio 5
Pop;Radio 5
Variété;Radio 6
Hip-Hop & RnB;Radio 6
Indie;Radio 5
Variété;Radio 2
Pop;Radio 6
Electro;Radio 6
Variété;Radio 3
Variété;Radio 5
Electro;Radio 6
Hip-Hop & RnB;Radio 3
Variété;Radio 4
Pop;Radio 6
Variété;Radio 2
Pop;Radio 1
Jazz;Radio 3
Variété;Radio 5
Variété;Radio 2
Hip-Hop & RnB;Radio 3
Rock;Radio 4
Jazz;Radio 1
Rock;Radio 6
Rock;Radio 2
Pop;Radio 3
Electro;Radio 3
Rock;Radio 3
Electro;Radio 3
Pop;Radio 6
Variété;Radio 2
Indie;Radio 2
Musique classique;Radio 3
Indie;Radio 5
Electro;Radio 3
Pop;Radio 2
Hip-Hop & RnB;Radio 6
Pop;Radio 5
Electro;Radio 4
Variété;Radio 2
Variété;Radio 3
Variété;Radio 2
Pop;Radio 2
Hip-Hop & RnB;Radio 6
Hip-Hop & RnB;Radio 3
Hip-Hop & RnB;Radio 6
Pop;Radio 5
Indie;Radio 5
Rock;Radio 4
Rock;Radio 5
Hip-Hop & RnB;Radio 3
Hip-Hop & RnB;Radio 3
Musique classique;Radio 3
Variété;Radio 5
Hip-Hop & RnB;Radio 3
Hip-Hop & RnB;Radio 5
Rock;Radio 4
Variété;Radio 6
Hip-Hop & RnB;Radio 4
Pop;Radio 6
Rock;Radio 4
Electro;Radio 3
Indie;Radio 4
Musique classique;Radio 1
Rock;Radio 3
Indie;Radio 6
Pop;Radio 6
Pop;Radio 4
Rock;Radio 4
Indie;Radio 6
Musique classique;Radio 3
Rock;Radio 2
Variété;Radio 2
Hip-Hop & RnB;Radio 5
Variété;Radio 4
Pop;Radio 4
Hip-Hop & RnB;Radio 5
Pop;Radio 6
Variété;Radio 2
Rock;Radio 4
Variété;Radio 5
Pop;Radio 2
Rock;Radio 3
Variété;Radio 3
Pop;Radio 6
Rock;Radio 4
Pop;Radio 6
Hip-Hop & RnB;Radio 3
Electro;Radio 4
Electro;Radio 4
Variété;Radio 6
Pop;Radio 5
Pop;Radio 4
Musique classique;Radio 2
Pop;Radio 6
Variété;Radio 2
Jazz;Radio 2
Pop;Radio 6
Jazz;Radio 2
Indie;Radio 6
Rock;Radio 4
Indie;Radio 5
Pop;Radio 3
Musique classique;Radio 1
Rock;Radio 3
Variété;Radio 4
Electro;Radio 3
Pop;Radio 4
Hip-Hop & RnB;Radio 6
Pop;Radio 5
Pop;Radio 6
Musique classique;Radio 6
Pop;Radio 3
Pop;Radio 6
Indie;Radio 3
Pop;Radio 6
Variété;Radio 6
Musique classique;Radio 3
Indie;Radio 5
Electro;Radio 4
Pop;Radio 3
Indie;Radio 3
Rock;Radio 6
Electro;Radio 4
Musique classique;Radio 1
Pop;Radio 3
Rock;Radio 6
Hip-Hop & RnB;Radio 3
Pop;Radio 6
Electro;Radio 2
Variété;Radio 1
Variété;Radio 3
Hip-Hop & RnB;Radio 3
Hip-Hop & RnB;Radio 3
Pop;Radio 6
Variété;Radio 2
Pop;Radio 3
Jazz;Radio 3
Rock;Radio 1
Electro;Radio 4
Rock;Radio 2
Rock;Radio 5
Hip-Hop & RnB;Radio 1
Pop;Radio 5
Hip-Hop & RnB;Radio 3
Rock;Radio 3
Indie;Radio 3
Pop;Radio 6
Hip-Hop & RnB;Radio 6
Variété;Radio 6
Hip-Hop & RnB;Radio 3
Hip-Hop & RnB;Radio 6
Rock;Radio 5
Pop;Radio 6
Rock;Radio 1
Variété;Radio 2
Indie;Radio 2
Jazz;Radio 3
Pop;Radio 3
Rock;Radio 5
Electro;Radio 4
Electro;Radio 4
Variété;Radio 2
Hip-Hop & RnB;Radio 6
Indie;Radio 3
Jazz;Radio 5
Variété;Radio 2
Electro;Radio 3
Variété;Radio 5
Pop;Radio 2
Jazz;Radio 5
Hip-Hop & RnB;Radio 6
Rock;Radio 2
Variété;Radio 4
Hip-Hop & RnB;Radio 6
Pop;Radio 3
Pop;Radio 6
Musique classique;Radio 2
Pop;Radio 3
Variété;Radio 1
Variété;Radio 2
Variété;Radio 2
Rock;Radio 3
Electro;Radio 3
Pop;Radio 6
Variété;Radio 6
Hip-Hop & RnB;Radio 3
Hip-Hop & RnB;Radio 4
Hip-Hop & RnB;Radio 3
Variété;Radio 6
Musique classique;Radio 1
Pop;Radio 6
Rock;Radio 5
Hip-Hop & RnB;Radio 3
Electro;Radio 4
Electro;Radio 3
Hip-Hop & RnB;Radio 3
Pop;Radio 6
Jazz;Radio 3
Variété;Radio 5
Rock;Radio 6
Jazz;Radio 1
Jazz;Radio 3
Variété;Radio 6
Musique classique;Radio 2
Rock;Radio 3
Musique classique;Radio 3
Rock;Radio 1
Pop;Radio 6
Hip-Hop & RnB;Radio 5
Rock;Radio 3
Hip-Hop & RnB;Radio 6
Variété;Radio 2
Variété;Radio 6
Hip-Hop & RnB;Radio 6
Electro;Radio 3
Electro;Radio 4
Pop;Radio 6
Hip-Hop & RnB;Radio 6
Pop;Radio 6
Hip-Hop & RnB;Radio 6
Variété;Radio 4
Indie;Radio 4
Hip-Hop & RnB;Radio 3
Hip-Hop & RnB;Radio 6
Hip-Hop & RnB;Radio 4
Electro;Radio 4
Jazz;Radio 6
Rock;Radio 6
Jazz;Radio 1
Rock;Radio 1
Jazz;Radio 4
Pop;Radio 1
Pop;Radio 4
Musique classique;Radio 2
Electro;Radio 6
Indie;Radio 1
Hip-Hop & RnB;Radio 3
Rock;Radio 3
Rock;Radio 4
Hip-Hop & RnB;Radio 6
Jazz;Radio 5
Rock;Radio 1
Hip-Hop & RnB;Radio 3
Pop;Radio 3
Jazz;Radio 4
Rock;Radio 5
Electro;Radio 4
Variété;Radio 5
Variété;Radio 3
Electro;Radio 3
Jazz;Radio 6
Rock;Radio 1
Pop;Radio 2
Jazz;Radio 2
Pop;Radio 6
Rock;Radio 3
Electro;Radio 1
Electro;Radio 6
Variété;Radio 6
Electro;Radio 2
Hip-Hop & RnB;Radio 5
Musique classique;Radio 1
Pop;Radio 5
Pop;Radio 3
Rock;Radio 1
Variété;Radio 2
Rock;Radio 5
Electro;Radio 4
Hip-Hop & RnB;Radio 6
Variété;Radio 2
Electro;Radio 4
Electro;Radio 3
Electro;Radio 2
Hip-Hop & RnB;Radio 6
Jazz;Radio 3
Pop;Radio 3
Variété;Radio 2
Indie;Radio 3
Variété;Radio 2
Pop;Radio 6
Rock;Radio 6
Indie;Radio 3
Variété;Radio 6
Musique classique;Radio 1
Variété;Radio 3
Hip-Hop & RnB;Radio 3
Electro;Radio 3
Electro;Radio 3
Pop;Radio 4
Electro;Radio 1
Hip-Hop & RnB;Radio 6
Rock;Radio 1
Electro;Radio 1
Indie;Radio 5
Jazz;Radio 6
Pop;Radio 6
Variété;Radio 2
Electro;Radio 4
Electro;Radio 2
Hip-Hop & RnB;Radio 3
Rock;Radio 4
Hip-Hop & RnB;Radio 3
Pop;Radio 5
Hip-Hop & RnB;Radio 3
Variété;Radio 2
Jazz;Radio 2
Hip-Hop & RnB;Radio 5
Musique classique;Radio 2
Electro;Radio 5
Hip-Hop & RnB;Radio 6
Rock;Radio 3
Rock;Radio 6
Pop;Radio 1
Jazz;Radio 2
Electro;Radio 4
Variété;Radio 5
Variété;Radio 2
Jazz;Radio 3
Pop;Radio 5
Hip-Hop & RnB;Radio 4
Jazz;Radio 2
Pop;Radio 3
Variété;Radio 2
Variété;Radio 3
Electro;Radio 2
Electro;Radio 4
Jazz;Radio 2
Hip-Hop & RnB;Radio 1
Rock;Radio 6
Rock;Radio 3
Rock;Radio 6
Rock;Radio 6
Variété;Radio 2
Pop;Radio 6
Pop;Radio 3
Rock;Radio 5
Hip-Hop & RnB;Radio 3
Jazz;Radio 5
Rock;Radio 2
Pop;Radio 6
Pop;Radio 3
Musique classique;Radio 2
Indie;Radio 4
Musique classique;Radio 3
Rock;Radio 2
Electro;Radio 5
Hip-Hop & RnB;Radio 3
Pop;Radio 6
Variété;Radio 3
Rock;Radio 2
Variété;Radio 3
Rock;Radio 3
Musique classique;Radio 1
Rock;Radio 1
Electro;Radio 3
Variété;Radio 6
Hip-Hop & RnB;Radio 2
Rock;Radio 6
Pop;Radio 4
Pop;Radio 3
Pop;Radio 5
Electro;Radio 3
Rock;Radio 2
Variété;Radio 1
Hip-Hop & RnB;Radio 6
Rock;Radio 4
Electro;Radio 4
Electro;Radio 1
Rock;Radio 1
Hip-Hop & RnB;Radio 6
Pop;Radio 1
Rock;Radio 1
Indie;Radio 1
Pop;Radio 4
Rock;Radio 6
Variété;Radio 2
Musique classique;Radio 1
Indie;Radio 6
Rock;Radio 4
Pop;Radio 2
Variété;Radio 2
Electro;Radio 3
Pop;Radio 2
Rock;Radio 5
Rock;Radio 6
Hip-Hop & RnB;Radio 3
Jazz;Radio 4
Variété;Radio 3
Musique classique;Radio 1
Jazz;Radio 2
Hip-Hop & RnB;Radio 4
Pop;Radio 3
Rock;Radio 6
Rock;Radio 5
Rock;Radio 2
Indie;Radio 3
Pop;Radio 6
Electro;Radio 3
Musique classique;Radio 3
Pop;Radio 2
Indie;Radio 3
Rock;Radio 2
Pop;Radio 2
Electro;Radio 4
Electro;Radio 2
Rock;Radio 2
Variété;Radio 4
Rock;Radio 5
Indie;Radio 2
Electro;Radio 4
Rock;Radio 2
Rock;Radio 5
Hip-Hop & RnB;Radio 6
Electro;Radio 4
Pop;Radio 1
Electro;Radio 5
Electro;Radio 3
Electro;Radio 4
Indie;Radio 4
Hip-Hop & RnB;Radio 5
Rock;Radio 1
Jazz;Radio 5
Musique classique;Radio 1
Hip-Hop & RnB;Radio 4
Hip-Hop & RnB;Radio 4
Hip-Hop & RnB;Radio 5
Pop;Radio 3
Variété;Radio 6
Variété;Radio 3
Rock;Radio 6
Rock;Radio 5
Hip-Hop & RnB;Radio 5
Pop;Radio 5
Electro;Radio 4
Electro;Radio 5
Rock;Radio 3
Jazz;Radio 1
Hip-Hop & RnB;Radio 5
Hip-Hop & RnB;Radio 6
Variété;Radio 6
